{
  "results": {
    "MLP": {
      "accuracy": 0.9402666666666667,
      "precision": 0.33376792698826596,
      "recall": 0.3993759750390016,
      "f1": 0.36363636363636365,
      "auc": 0.8658399570887774,
      "mcc": 0.33403672575108906,
      "threshold": 0.829077422618866
    },
    "TabNet": {
      "accuracy": 0.9268666666666666,
      "precision": 0.23853211009174313,
      "recall": 0.3244929797191888,
      "f1": 0.2749504296100463,
      "auc": 0.8261773886235064,
      "mcc": 0.24050716559671817,
      "threshold": 0.8406892418861389
    }
  },
  "class_balance": {
    "positive": 4272,
    "total": 100000,
    "pct": 0.04272
  },
  "n_features": 56,
  "split": {
    "train": 70000,
    "val": 15000,
    "test": 15000
  }
}